"A_Campo1","District","No","A_Code","Name","Unnamed: 5","CBIN1","CBIN2","CBIN3","CBIN4","CBIN5","CBIN6","CBIN7","N","WTCODE","COUNTY","DBE","C_Campo1","C_Code","Description","Group","WTBIN1","WTBIN2","WTBIN3","WTBIN4","WTBIN5","WTBIN6","WTBIN7","WTBIN8"
0,4,1,"C001","Adair","Adair",0,0,0,0,0,0,0,254,2022,"C001",7.37,45,2022,"Bridge Replacement-CCS",9,0,0,1,0,1,1,0,1
0,4,1,"C001","Adair","Adair",0,0,0,0,0,0,0,399,2506,"C001",6.00,55,2506,"Reconstruction - Bridge Deck Replacement",9,0,0,1,1,0,1,1,1
0,4,1,"C001","Adair","Adair",0,0,0,0,0,0,0,27,1522,"C001",3.42,19,1522,"HMA Pavement Widening/HMA Resurfacing",6,0,0,0,1,0,0,1,1
0,4,1,"C001","Adair","Adair",0,0,0,0,0,0,0,316,2023,"C001",9.62,46,2023,"Bridge Replacement-PPCB",9,0,0,1,0,1,1,1,0
1,4,2,"C002","Adams","Adams",0,0,0,0,0,0,1,255,2022,"C002",5.53,45,2022,"Bridge Replacement-CCS",9,0,0,1,0,1,1,0,1
1,4,2,"C002","Adams","Adams",0,0,0,0,0,0,1,317,2023,"C002",8.07,46,2023,"Bridge Replacement-PPCB",9,0,0,1,0,1,1,1,0
1,4,2,"C002","Adams","Adams",0,0,0,0,0,0,1,357,2024,"C002",4.98,47,2024,"Bridge Replacement-Steel Girder",9,0,0,1,0,1,1,1,1
2,2,3,"C003","Allamakee","Allamakee",0,0,0,0,0,1,0,256,2022,"C003",5.64,45,2022,"Bridge Replacement-CCS",9,0,0,1,0,1,1,0,1
2,2,3,"C003","Allamakee","Allamakee",0,0,0,0,0,1,0,11,3522,"C003",0.96,90,3522,"Slide Repair",5,0,1,0,1,1,0,1,0
2,2,3,"C003","Allamakee","Allamakee",0,0,0,0,0,1,0,13,3571,"C003",5.59,102,3571,"Revetment",5,0,1,1,0,0,1,1,0
2,2,3,"C003","Allamakee","Allamakee",0,0,0,0,0,1,0,206,1515,"C003",2.57,16,1515,"PCC Overlay - Unbonded",8,0,0,0,1,0,0,0,0
2,2,3,"C003","Allamakee","Allamakee",0,0,0,0,0,1,0,220,4011,"C003",3.26,108,4011,"PCC Paved Shoulder - New",8,0,1,1,0,1,1,0,0
3,5,4,"C004","Appanoose","Appanoose",0,0,0,0,0,1,1,134,1011,"C004",23.64,0,1011,"PCC Pavement - New",8,0,0,0,0,0,0,0,0
3,5,4,"C004","Appanoose","Appanoose",0,0,0,0,0,1,1,368,2052,"C004",4.01,51,2052,"Bridge and Approaches-CCS",9,0,0,1,1,0,0,1,1
3,5,4,"C004","Appanoose","Appanoose",0,0,0,0,0,1,1,40,1523,"C004",2.14,20,1523,"HMA Resurfacing",6,0,0,0,1,0,1,0,0
4,4,5,"C005","Audubon","Audubon",0,0,0,0,1,0,0,83,1525,"C005",5.46,22,1525,"HMA Resurfacing/Cold-in-Place Recycling",6,0,0,0,1,0,1,1,0
4,4,5,"C005","Audubon","Audubon",0,0,0,0,1,0,0,257,2022,"C005",7.68,45,2022,"Bridge Replacement-CCS",9,0,0,1,0,1,1,0,1
5,6,6,"C006","Benton","Benton",0,0,0,0,1,0,1,383,2053,"C006",12.97,52,2053,"Bridge and Approaches - PPCB",9,0,0,1,1,0,1,0,0
5,6,6,"C006","Benton","Benton",0,0,0,0,1,0,1,140,1012,"C006",3.38,1,1012,"PCC Pavement - Replace",8,0,0,0,0,0,0,0,1
5,6,6,"C006","Benton","Benton",0,0,0,0,1,0,1,162,1014,"C006",3.14,3,1014,"PCC Pavement - Grade and Replace",8,0,0,0,0,0,0,1,1
5,6,6,"C006","Benton","Benton",0,0,0,0,1,0,1,258,2022,"C006",8.04,45,2022,"Bridge Replacement-CCS",9,0,0,1,0,1,1,0,1
5,6,6,"C006","Benton","Benton",0,0,0,0,1,0,1,84,1525,"C006",3.26,22,1525,"HMA Resurfacing/Cold-in-Place Recycling",6,0,0,0,1,0,1,1,0
6,2,7,"C007","Black Hawk","Black Hawk",0,0,0,0,1,1,0,152,1013,"C007",4.51,2,1013,"PCC Pavement - Grade and New",8,0,0,0,0,0,0,1,0
6,2,7,"C007","Black Hawk","Black Hawk",0,0,0,0,1,1,0,239,2013,"C007",1.43,42,2013,"Bridge New-PPCB",9,0,0,1,0,1,0,1,0
6,2,7,"C007","Black Hawk","Black Hawk",0,0,0,0,1,1,0,85,1525,"C007",1.11,22,1525,"HMA Resurfacing/Cold-in-Place Recycling",6,0,0,0,1,0,1,1,0
6,2,7,"C007","Black Hawk","Black Hawk",0,0,0,0,1,1,0,23,1024,"C007",4.44,7,1024,"HMA Pavement - Grade and Replace",6,0,0,0,0,0,1,1,1
6,2,7,"C007","Black Hawk","Black Hawk",0,0,0,0,1,1,0,259,2022,"C007",8.41,45,2022,"Bridge Replacement-CCS",9,0,0,1,0,1,1,0,1
6,2,7,"C007","Black Hawk","Black Hawk",0,0,0,0,1,1,0,163,1014,"C007",2.38,3,1014,"PCC Pavement - Grade and Replace",8,0,0,0,0,0,0,1,1
6,2,7,"C007","Black Hawk","Black Hawk",0,0,0,0,1,1,0,223,8023,"C007",2.77,182,8023,"PCC Sidewalk/Trail",8,1,0,1,1,0,1,1,0
6,2,7,"C007","Black Hawk","Black Hawk",0,0,0,0,1,1,0,406,2513,"C007",5.59,59,2513,"Bridge Rehabilitation",9,0,0,1,1,1,0,1,1
7,1,8,"C008","Boone","Boone",0,0,0,0,1,1,1,202,1514,"C008",7.11,15,1514,"PCC Overlay - Bonded",8,0,0,0,0,1,1,1,1
7,1,8,"C008","Boone","Boone",0,0,0,0,1,1,1,369,2052,"C008",8.87,51,2052,"Bridge and Approaches-CCS",9,0,0,1,1,0,0,1,1
7,1,8,"C008","Boone","Boone",0,0,0,0,1,1,1,86,1525,"C008",2.30,22,1525,"HMA Resurfacing/Cold-in-Place Recycling",6,0,0,0,1,0,1,1,0
8,2,9,"C009","Bremer","Bremer",0,0,0,1,0,0,0,67,1524,"C009",3.03,21,1524,"HMA Resurfacing with Milling",6,0,0,0,1,0,1,0,1
8,2,9,"C009","Bremer","Bremer",0,0,0,1,0,0,0,41,1523,"C009",7.43,20,1523,"HMA Resurfacing",6,0,0,0,1,0,1,0,0
8,2,9,"C009","Bremer","Bremer",0,0,0,1,0,0,0,125,8022,"C009",5.22,181,8022,"HMA Sidewalk/Trail",6,1,0,1,1,0,1,0,1
8,2,9,"C009","Bremer","Bremer",0,0,0,1,0,0,0,24,1024,"C009",2.00,7,1024,"HMA Pavement - Grade and Replace",6,0,0,0,0,0,1,1,1
9,6,10,"C010","Buchanan","Buchanan",0,0,0,1,0,0,1,260,2022,"C010",9.38,45,2022,"Bridge Replacement-CCS",9,0,0,1,0,1,1,0,1
10,3,11,"C011","Buena Vista","Buena Vista",0,0,0,1,0,1,0,224,8023,"C011",3.74,182,8023,"PCC Sidewalk/Trail",8,1,0,1,1,0,1,1,0
10,3,11,"C011","Buena Vista","Buena Vista",0,0,0,1,0,1,0,68,1524,"C011",4.88,21,1524,"HMA Resurfacing with Milling",6,0,0,0,1,0,1,0,1
10,3,11,"C011","Buena Vista","Buena Vista",0,0,0,1,0,1,0,28,1522,"C011",4.29,19,1522,"HMA Pavement Widening/HMA Resurfacing",6,0,0,0,1,0,0,1,1
10,3,11,"C011","Buena Vista","Buena Vista",0,0,0,1,0,1,0,141,1012,"C011",4.96,1,1012,"PCC Pavement - Replace",8,0,0,0,0,0,0,0,1
10,3,11,"C011","Buena Vista","Buena Vista",0,0,0,1,0,1,0,261,2022,"C011",9.65,45,2022,"Bridge Replacement-CCS",9,0,0,1,0,1,1,0,1
10,3,11,"C011","Buena Vista","Buena Vista",0,0,0,1,0,1,0,107,4021,"C011",7.79,110,4021,"HMA Paved Shoulder - New",6,0,1,1,0,1,1,1,0
10,3,11,"C011","Buena Vista","Buena Vista",0,0,0,1,0,1,0,42,1523,"C011",2.05,20,1523,"HMA Resurfacing",6,0,0,0,1,0,1,0,0
11,2,12,"C012","Butler","Butler",0,0,0,1,0,1,1,262,2022,"C012",3.45,45,2022,"Bridge Replacement-CCS",9,0,0,1,0,1,1,0,1
11,2,12,"C012","Butler","Butler",0,0,0,1,0,1,1,318,2023,"C012",11.14,46,2023,"Bridge Replacement-PPCB",9,0,0,1,0,1,1,1,0
11,2,12,"C012","Butler","Butler",0,0,0,1,0,1,1,423,3123,"C012",0.43,82,3123,"RCB Culvert Replacement - Triple Box",9,0,1,0,1,0,0,1,0
11,2,12,"C012","Butler","Butler",0,0,0,1,0,1,1,43,1523,"C012",12.79,20,1523,"HMA Resurfacing",6,0,0,0,1,0,1,0,0
13,3,14,"C014","Carroll","Carroll",0,0,0,1,1,0,1,69,1524,"C014",18.61,21,1524,"HMA Resurfacing with Milling",6,0,0,0,1,0,1,0,1
13,3,14,"C014","Carroll","Carroll",0,0,0,1,1,0,1,44,1523,"C014",0.22,20,1523,"HMA Resurfacing",6,0,0,0,1,0,1,0,0
13,3,14,"C014","Carroll","Carroll",0,0,0,1,1,0,1,108,4021,"C014",5.44,110,4021,"HMA Paved Shoulder - New",6,0,1,1,0,1,1,1,0
13,3,14,"C014","Carroll","Carroll",0,0,0,1,1,0,1,225,8023,"C014",4.10,182,8023,"PCC Sidewalk/Trail",8,1,0,1,1,0,1,1,0
14,4,15,"C015","Cass","Cass",0,0,0,1,1,1,0,29,1522,"C015",4.26,19,1522,"HMA Pavement Widening/HMA Resurfacing",6,0,0,0,1,0,0,1,1
14,4,15,"C015","Cass","Cass",0,0,0,1,1,1,0,263,2022,"C015",8.96,45,2022,"Bridge Replacement-CCS",9,0,0,1,0,1,1,0,1
14,4,15,"C015","Cass","Cass",0,0,0,1,1,1,0,319,2023,"C015",7.90,46,2023,"Bridge Replacement-PPCB",9,0,0,1,0,1,1,1,0
15,6,16,"C016","Cedar","Cedar",0,0,0,1,1,1,1,164,1014,"C016",4.23,3,1014,"PCC Pavement - Grade and Replace",8,0,0,0,0,0,0,1,1
15,6,16,"C016","Cedar","Cedar",0,0,0,1,1,1,1,207,1515,"C016",12.58,16,1515,"PCC Overlay - Unbonded",8,0,0,0,1,0,0,0,0
15,6,16,"C016","Cedar","Cedar",0,0,0,1,1,1,1,70,1524,"C016",10.82,21,1524,"HMA Resurfacing with Milling",6,0,0,0,1,0,1,0,1
15,6,16,"C016","Cedar","Cedar",0,0,0,1,1,1,1,45,1523,"C016",6.80,20,1523,"HMA Resurfacing",6,0,0,0,1,0,1,0,0
15,6,16,"C016","Cedar","Cedar",0,0,0,1,1,1,1,264,2022,"C016",6.65,45,2022,"Bridge Replacement-CCS",9,0,0,1,0,1,1,0,1
15,6,16,"C016","Cedar","Cedar",0,0,0,1,1,1,1,142,1012,"C016",3.10,1,1012,"PCC Pavement - Replace",8,0,0,0,0,0,0,0,1
15,6,16,"C016","Cedar","Cedar",0,0,0,1,1,1,1,370,2052,"C016",5.85,51,2052,"Bridge and Approaches-CCS",9,0,0,1,1,0,0,1,1
15,6,16,"C016","Cedar","Cedar",0,0,0,1,1,1,1,384,2053,"C016",4.28,52,2053,"Bridge and Approaches - PPCB",9,0,0,1,1,0,1,0,0
16,2,17,"C017","Cerro Gordo","Cerro Gordo",0,0,1,0,0,0,0,1,1051,"C017",2.00,9,1051,"Alternate Pavement Types-Mainline Paving",1,0,0,0,0,1,0,0,1
16,2,17,"C017","Cerro Gordo","Cerro Gordo",0,0,1,0,0,0,0,71,1524,"C017",2.03,21,1524,"HMA Resurfacing with Milling",6,0,0,0,1,0,1,0,1
16,2,17,"C017","Cerro Gordo","Cerro Gordo",0,0,1,0,0,0,0,265,2022,"C017",4.33,45,2022,"Bridge Replacement-CCS",9,0,0,1,0,1,1,0,1
16,2,17,"C017","Cerro Gordo","Cerro Gordo",0,0,1,0,0,0,0,165,1014,"C017",3.00,3,1014,"PCC Pavement - Grade and Replace",8,0,0,0,0,0,0,1,1
16,2,17,"C017","Cerro Gordo","Cerro Gordo",0,0,1,0,0,0,0,126,8022,"C017",3.04,181,8022,"HMA Sidewalk/Trail",6,1,0,1,1,0,1,0,1
16,2,17,"C017","Cerro Gordo","Cerro Gordo",0,0,1,0,0,0,0,17,8024,"C017",5.72,183,8024,"Earth or Granular Surface Trail",5,1,0,1,1,0,1,1,1
17,3,18,"C018","Cherokee","Cherokee",0,0,1,0,0,0,1,72,1524,"C018",3.81,21,1524,"HMA Resurfacing with Milling",6,0,0,0,1,0,1,0,1
17,3,18,"C018","Cherokee","Cherokee",0,0,1,0,0,0,1,208,1515,"C018",2.56,16,1515,"PCC Overlay - Unbonded",8,0,0,0,1,0,0,0,0
17,3,18,"C018","Cherokee","Cherokee",0,0,1,0,0,0,1,46,1523,"C018",9.67,20,1523,"HMA Resurfacing",6,0,0,0,1,0,1,0,0
17,3,18,"C018","Cherokee","Cherokee",0,0,1,0,0,0,1,166,1014,"C018",5.54,3,1014,"PCC Pavement - Grade and Replace",8,0,0,0,0,0,0,1,1
17,3,18,"C018","Cherokee","Cherokee",0,0,1,0,0,0,1,266,2022,"C018",8.37,45,2022,"Bridge Replacement-CCS",9,0,0,1,0,1,1,0,1
18,2,19,"C019","Chickasaw","Chickasaw",0,0,1,0,0,1,0,320,2023,"C019",16.59,46,2023,"Bridge Replacement-PPCB",9,0,0,1,0,1,1,1,0
18,2,19,"C019","Chickasaw","Chickasaw",0,0,1,0,0,1,0,30,1522,"C019",6.34,19,1522,"HMA Pavement Widening/HMA Resurfacing",6,0,0,0,1,0,0,1,1
18,2,19,"C019","Chickasaw","Chickasaw",0,0,1,0,0,1,0,127,8022,"C019",4.04,181,8022,"HMA Sidewalk/Trail",6,1,0,1,1,0,1,0,1
18,2,19,"C019","Chickasaw","Chickasaw",0,0,1,0,0,1,0,209,1515,"C019",12.51,16,1515,"PCC Overlay - Unbonded",8,0,0,0,1,0,0,0,0
19,5,20,"C020","Clarke","Clarke",0,0,1,0,0,1,1,109,4021,"C020",4.03,110,4021,"HMA Paved Shoulder - New",6,0,1,1,0,1,1,1,0
19,5,20,"C020","Clarke","Clarke",0,0,1,0,0,1,1,431,5011,"C020",4.17,142,5011,"Guardrail",11,1,0,0,0,1,1,1,0
19,5,20,"C020","Clarke","Clarke",0,0,1,0,0,1,1,371,2052,"C020",8.33,51,2052,"Bridge and Approaches-CCS",9,0,0,1,1,0,0,1,1
19,5,20,"C020","Clarke","Clarke",0,0,1,0,0,1,1,321,2023,"C020",6.24,46,2023,"Bridge Replacement-PPCB",9,0,0,1,0,1,1,1,0
19,5,20,"C020","Clarke","Clarke",0,0,1,0,0,1,1,267,2022,"C020",7.06,45,2022,"Bridge Replacement-CCS",9,0,0,1,0,1,1,0,1
20,3,21,"C021","Clay","Clay",0,0,1,0,1,0,0,210,1515,"C021",3.11,16,1515,"PCC Overlay - Unbonded",8,0,0,0,1,0,0,0,0
20,3,21,"C021","Clay","Clay",0,0,1,0,1,0,0,203,1514,"C021",4.37,15,1514,"PCC Overlay - Bonded",8,0,0,0,0,1,1,1,1
20,3,21,"C021","Clay","Clay",0,0,1,0,1,0,0,268,2022,"C021",7.57,45,2022,"Bridge Replacement-CCS",9,0,0,1,0,1,1,0,1
20,3,21,"C021","Clay","Clay",0,0,1,0,1,0,0,167,1014,"C021",3.12,3,1014,"PCC Pavement - Grade and Replace",8,0,0,0,0,0,0,1,1
21,2,22,"C022","Clayton","Clayton",0,0,1,0,1,0,1,168,1014,"C022",3.62,3,1014,"PCC Pavement - Grade and Replace",8,0,0,0,0,0,0,1,1
21,2,22,"C022","Clayton","Clayton",0,0,1,0,1,0,1,47,1523,"C022",2.52,20,1523,"HMA Resurfacing",6,0,0,0,1,0,1,0,0
21,2,22,"C022","Clayton","Clayton",0,0,1,0,1,0,1,269,2022,"C022",11.88,45,2022,"Bridge Replacement-CCS",9,0,0,1,0,1,1,0,1
22,6,23,"C023","Clinton","Clinton",0,0,1,0,1,1,0,110,4021,"C023",13.84,110,4021,"HMA Paved Shoulder - New",6,0,1,1,0,1,1,1,0
22,6,23,"C023","Clinton","Clinton",0,0,1,0,1,1,0,322,2023,"C023",5.02,46,2023,"Bridge Replacement-PPCB",9,0,0,1,0,1,1,1,0
22,6,23,"C023","Clinton","Clinton",0,0,1,0,1,1,0,128,8022,"C023",9.24,181,8022,"HMA Sidewalk/Trail",6,1,0,1,1,0,1,0,1
22,6,23,"C023","Clinton","Clinton",0,0,1,0,1,1,0,48,1523,"C023",12.27,20,1523,"HMA Resurfacing",6,0,0,0,1,0,1,0,0
22,6,23,"C023","Clinton","Clinton",0,0,1,0,1,1,0,270,2022,"C023",5.72,45,2022,"Bridge Replacement-CCS",9,0,0,1,0,1,1,0,1
22,6,23,"C023","Clinton","Clinton",0,0,1,0,1,1,0,169,1014,"C023",4.00,3,1014,"PCC Pavement - Grade and Replace",8,0,0,0,0,0,0,1,1
23,3,24,"C024","Crawford","Crawford",0,0,1,0,1,1,1,271,2022,"C024",9.78,45,2022,"Bridge Replacement-CCS",9,0,0,1,0,1,1,0,1
23,3,24,"C024","Crawford","Crawford",0,0,1,0,1,1,1,111,4021,"C024",2.59,110,4021,"HMA Paved Shoulder - New",6,0,1,1,0,1,1,1,0
23,3,24,"C024","Crawford","Crawford",0,0,1,0,1,1,1,323,2023,"C024",7.79,46,2023,"Bridge Replacement-PPCB",9,0,0,1,0,1,1,1,0
23,3,24,"C024","Crawford","Crawford",0,0,1,0,1,1,1,26,1512,"C024",4.91,13,1512,"PCC Pavement with HMA Resurfacing",6,0,0,0,0,1,1,0,1
24,4,25,"C025","Dallas","Dallas",0,0,1,1,0,0,0,49,1523,"C025",10.27,20,1523,"HMA Resurfacing",6,0,0,0,1,0,1,0,0
24,4,25,"C025","Dallas","Dallas",0,0,1,1,0,0,0,143,1012,"C025",2.24,1,1012,"PCC Pavement - Replace",8,0,0,0,0,0,0,0,1
24,4,25,"C025","Dallas","Dallas",0,0,1,1,0,0,0,324,2023,"C025",3.79,46,2023,"Bridge Replacement-PPCB",9,0,0,1,0,1,1,1,0
24,4,25,"C025","Dallas","Dallas",0,0,1,1,0,0,0,272,2022,"C025",8.53,45,2022,"Bridge Replacement-CCS",9,0,0,1,0,1,1,0,1
24,4,25,"C025","Dallas","Dallas",0,0,1,1,0,0,0,170,1014,"C025",2.57,3,1014,"PCC Pavement - Grade and Replace",8,0,0,0,0,0,0,1,1
24,4,25,"C025","Dallas","Dallas",0,0,1,1,0,0,0,436,5041,"C025",2.07,149,5041,"Traffic Signals",11,1,0,0,1,0,1,0,1
24,4,25,"C025","Dallas","Dallas",0,0,1,1,0,0,0,25,1027,"C025",2.48,8,1027,"HMA Pavement - Full Depth Reclamation",6,0,0,0,0,1,0,0,0
24,4,25,"C025","Dallas","Dallas",0,0,1,1,0,0,0,196,1511,"C025",7.90,12,1511,"PCC Pavement Widening",8,0,0,0,0,1,1,0,0
24,4,25,"C025","Dallas","Dallas",0,0,1,1,0,0,0,135,1011,"C025",11.09,0,1011,"PCC Pavement - New",8,0,0,0,0,0,0,0,0
25,5,26,"C026","Davis","Davis",0,0,1,1,0,0,1,385,2053,"C026",14.68,52,2053,"Bridge and Approaches - PPCB",9,0,0,1,1,0,1,0,0
25,5,26,"C026","Davis","Davis",0,0,1,1,0,0,1,325,2023,"C026",14.88,46,2023,"Bridge Replacement-PPCB",9,0,0,1,0,1,1,1,0
25,5,26,"C026","Davis","Davis",0,0,1,1,0,0,1,87,1525,"C026",3.51,22,1525,"HMA Resurfacing/Cold-in-Place Recycling",6,0,0,0,1,0,1,1,0
26,5,27,"C027","Decatur","Decatur",0,0,1,1,0,1,0,386,2053,"C027",3.08,52,2053,"Bridge and Approaches - PPCB",9,0,0,1,1,0,1,0,0
26,5,27,"C027","Decatur","Decatur",0,0,1,1,0,1,0,326,2023,"C027",5.14,46,2023,"Bridge Replacement-PPCB",9,0,0,1,0,1,1,1,0
26,5,27,"C027","Decatur","Decatur",0,0,1,1,0,1,0,171,1014,"C027",3.28,3,1014,"PCC Pavement - Grade and Replace",8,0,0,0,0,0,0,1,1
27,6,28,"C028","Delaware","Delaware",0,0,1,1,0,1,1,226,8023,"C028",4.51,182,8023,"PCC Sidewalk/Trail",8,1,0,1,1,0,1,1,0
27,6,28,"C028","Delaware","Delaware",0,0,1,1,0,1,1,211,1515,"C028",4.36,16,1515,"PCC Overlay - Unbonded",8,0,0,0,1,0,0,0,0
27,6,28,"C028","Delaware","Delaware",0,0,1,1,0,1,1,153,1013,"C028",16.25,2,1013,"PCC Pavement - Grade and New",8,0,0,0,0,0,0,1,0
28,5,29,"C029","Des Moines","Des Moines",0,0,1,1,1,0,0,50,1523,"C029",4.37,20,1523,"HMA Resurfacing",6,0,0,0,1,0,1,0,0
28,5,29,"C029","Des Moines","Des Moines",0,0,1,1,1,0,0,435,5012,"C029",3.27,143,5012,"Barrier Rail",11,1,0,0,0,1,1,1,1
28,5,29,"C029","Des Moines","Des Moines",0,0,1,1,1,0,0,88,1525,"C029",4.97,22,1525,"HMA Resurfacing/Cold-in-Place Recycling",6,0,0,0,1,0,1,1,0
28,5,29,"C029","Des Moines","Des Moines",0,0,1,1,1,0,0,413,3112,"C029",16.97,78,3112,"RCB Culvert New – Twin Box",9,0,1,0,0,1,1,1,0
28,5,29,"C029","Des Moines","Des Moines",0,0,1,1,1,0,0,415,3113,"C029",22.15,79,3113,"RCB Culvert New – Triple Box",9,0,1,0,0,1,1,1,1
28,5,29,"C029","Des Moines","Des Moines",0,0,1,1,1,0,0,400,2506,"C029",11.13,55,2506,"Reconstruction - Bridge Deck Replacement",9,0,0,1,1,0,1,1,1
28,5,29,"C029","Des Moines","Des Moines",0,0,1,1,1,0,0,227,8023,"C029",33.36,182,8023,"PCC Sidewalk/Trail",8,1,0,1,1,0,1,1,0
28,5,29,"C029","Des Moines","Des Moines",0,0,1,1,1,0,0,409,2521,"C029",5.66,62,2521,"Bridge Deck Overlay",9,0,0,1,1,1,1,1,0
29,3,30,"C030","Dickinson","Dickinson",0,0,1,1,1,0,1,112,4021,"C030",3.04,110,4021,"HMA Paved Shoulder - New",6,0,1,1,0,1,1,1,0
29,3,30,"C030","Dickinson","Dickinson",0,0,1,1,1,0,1,144,1012,"C030",4.25,1,1012,"PCC Pavement - Replace",8,0,0,0,0,0,0,0,1
29,3,30,"C030","Dickinson","Dickinson",0,0,1,1,1,0,1,172,1014,"C030",2.00,3,1014,"PCC Pavement - Grade and Replace",8,0,0,0,0,0,0,1,1
29,3,30,"C030","Dickinson","Dickinson",0,0,1,1,1,0,1,73,1524,"C030",4.99,21,1524,"HMA Resurfacing with Milling",6,0,0,0,1,0,1,0,1
30,6,31,"C031","Dubuque","Dubuque",0,0,1,1,1,1,0,154,1013,"C031",2.95,2,1013,"PCC Pavement - Grade and New",8,0,0,0,0,0,0,1,0
30,6,31,"C031","Dubuque","Dubuque",0,0,1,1,1,1,0,327,2023,"C031",3.36,46,2023,"Bridge Replacement-PPCB",9,0,0,1,0,1,1,1,0
30,6,31,"C031","Dubuque","Dubuque",0,0,1,1,1,1,0,132,8031,"C031",2.95,185,8031,"Miscellaneous",7,1,0,1,1,1,0,0,1
30,6,31,"C031","Dubuque","Dubuque",0,0,1,1,1,1,0,136,1011,"C031",5.01,0,1011,"PCC Pavement - New",8,0,0,0,0,0,0,0,0
30,6,31,"C031","Dubuque","Dubuque",0,0,1,1,1,1,0,89,1525,"C031",4.14,22,1525,"HMA Resurfacing/Cold-in-Place Recycling",6,0,0,0,1,0,1,1,0
30,6,31,"C031","Dubuque","Dubuque",0,0,1,1,1,1,0,173,1014,"C031",2.97,3,1014,"PCC Pavement - Grade and Replace",8,0,0,0,0,0,0,1,1
30,6,31,"C031","Dubuque","Dubuque",0,0,1,1,1,1,0,273,2022,"C031",10.45,45,2022,"Bridge Replacement-CCS",9,0,0,1,0,1,1,0,1
30,6,31,"C031","Dubuque","Dubuque",0,0,1,1,1,1,0,51,1523,"C031",5.84,20,1523,"HMA Resurfacing",6,0,0,0,1,0,1,0,0
30,6,31,"C031","Dubuque","Dubuque",0,0,1,1,1,1,0,3,3511,"C031",3.03,88,3511,"Grading",5,0,1,0,1,1,0,0,0
30,6,31,"C031","Dubuque","Dubuque",0,0,1,1,1,1,0,240,2013,"C031",7.12,42,2013,"Bridge New-PPCB",9,0,0,1,0,1,0,1,0
31,3,32,"C032","Emmet","Emmet",0,0,1,1,1,1,1,90,1525,"C032",2.00,22,1525,"HMA Resurfacing/Cold-in-Place Recycling",6,0,0,0,1,0,1,1,0
31,3,32,"C032","Emmet","Emmet",0,0,1,1,1,1,1,228,8023,"C032",2.64,182,8023,"PCC Sidewalk/Trail",8,1,0,1,1,0,1,1,0
32,2,33,"C033","Fayette","Fayette",0,1,0,0,0,0,0,113,4021,"C033",3.17,110,4021,"HMA Paved Shoulder - New",6,0,1,1,0,1,1,1,0
32,2,33,"C033","Fayette","Fayette",0,1,0,0,0,0,0,419,3122,"C033",1.83,81,3122,"RCB Culvert Replacement - Twin Box",9,0,1,0,1,0,0,0,1
32,2,33,"C033","Fayette","Fayette",0,1,0,0,0,0,0,31,1522,"C033",1.00,19,1522,"HMA Pavement Widening/HMA Resurfacing",6,0,0,0,1,0,0,1,1
33,2,34,"C034","Floyd","Floyd",0,1,0,0,0,0,1,174,1014,"C034",2.27,3,1014,"PCC Pavement - Grade and Replace",8,0,0,0,0,0,0,1,1
33,2,34,"C034","Floyd","Floyd",0,1,0,0,0,0,1,274,2022,"C034",8.53,45,2022,"Bridge Replacement-CCS",9,0,0,1,0,1,1,0,1
34,2,35,"C035","Franklin","Franklin",0,1,0,0,0,1,0,275,2022,"C035",9.74,45,2022,"Bridge Replacement-CCS",9,0,0,1,0,1,1,0,1
34,2,35,"C035","Franklin","Franklin",0,1,0,0,0,1,0,364,2027,"C035",7.33,48,2027,"Bridge Replacement - Other",9,0,0,1,1,0,0,0,0
34,2,35,"C035","Franklin","Franklin",0,1,0,0,0,1,0,416,3113,"C035",2.27,79,3113,"RCB Culvert New – Triple Box",9,0,1,0,0,1,1,1,1
34,2,35,"C035","Franklin","Franklin",0,1,0,0,0,1,0,114,4021,"C035",2.00,110,4021,"HMA Paved Shoulder - New",6,0,1,1,0,1,1,1,0
35,4,36,"C036","Fremont","Fremont",0,1,0,0,0,1,1,328,2023,"C036",8.55,46,2023,"Bridge Replacement-PPCB",9,0,0,1,0,1,1,1,0
35,4,36,"C036","Fremont","Fremont",0,1,0,0,0,1,1,91,1525,"C036",2.65,22,1525,"HMA Resurfacing/Cold-in-Place Recycling",6,0,0,0,1,0,1,1,0
36,1,37,"C037","Greene","Greene",0,1,0,0,1,0,0,329,2023,"C037",3.49,46,2023,"Bridge Replacement-PPCB",9,0,0,1,0,1,1,1,0
36,1,37,"C037","Greene","Greene",0,1,0,0,1,0,0,358,2024,"C037",6.20,47,2024,"Bridge Replacement-Steel Girder",9,0,0,1,0,1,1,1,1
37,1,38,"C038","Grundy","Grundy",0,1,0,0,1,0,1,276,2022,"C038",9.23,45,2022,"Bridge Replacement-CCS",9,0,0,1,0,1,1,0,1
37,1,38,"C038","Grundy","Grundy",0,1,0,0,1,0,1,14,3571,"C038",2.38,102,3571,"Revetment",5,0,1,1,0,0,1,1,0
37,1,38,"C038","Grundy","Grundy",0,1,0,0,1,0,1,330,2023,"C038",5.88,46,2023,"Bridge Replacement-PPCB",9,0,0,1,0,1,1,1,0
38,4,39,"C039","Guthrie","Guthrie",0,1,0,0,1,1,0,277,2022,"C039",8.11,45,2022,"Bridge Replacement-CCS",9,0,0,1,0,1,1,0,1
38,4,39,"C039","Guthrie","Guthrie",0,1,0,0,1,1,0,92,1525,"C039",2.19,22,1525,"HMA Resurfacing/Cold-in-Place Recycling",6,0,0,0,1,0,1,1,0
38,4,39,"C039","Guthrie","Guthrie",0,1,0,0,1,1,0,372,2052,"C039",12.06,51,2052,"Bridge and Approaches-CCS",9,0,0,1,1,0,0,1,1
38,4,39,"C039","Guthrie","Guthrie",0,1,0,0,1,1,0,331,2023,"C039",5.63,46,2023,"Bridge Replacement-PPCB",9,0,0,1,0,1,1,1,0
39,1,40,"C040","Hamilton","Hamilton",0,1,0,0,1,1,1,229,8023,"C040",2.83,182,8023,"PCC Sidewalk/Trail",8,1,0,1,1,0,1,1,0
39,1,40,"C040","Hamilton","Hamilton",0,1,0,0,1,1,1,175,1014,"C040",5.70,3,1014,"PCC Pavement - Grade and Replace",8,0,0,0,0,0,0,1,1
39,1,40,"C040","Hamilton","Hamilton",0,1,0,0,1,1,1,93,1525,"C040",2.01,22,1525,"HMA Resurfacing/Cold-in-Place Recycling",6,0,0,0,1,0,1,1,0
39,1,40,"C040","Hamilton","Hamilton",0,1,0,0,1,1,1,32,1522,"C040",6.37,19,1522,"HMA Pavement Widening/HMA Resurfacing",6,0,0,0,1,0,0,1,1
40,2,41,"C041","Hancock","Hancock",0,1,0,1,0,0,0,278,2022,"C041",5.24,45,2022,"Bridge Replacement-CCS",9,0,0,1,0,1,1,0,1
41,1,42,"C042","Hardin","Hardin",0,1,0,1,0,0,1,200,1513,"C042",8.97,14,1513,"PCC Pavement Widening with PCC Resurfacing",8,0,0,0,0,1,1,1,0
41,1,42,"C042","Hardin","Hardin",0,1,0,1,0,0,1,407,2513,"C042",5.14,59,2513,"Bridge Rehabilitation",9,0,0,1,1,1,0,1,1
41,1,42,"C042","Hardin","Hardin",0,1,0,1,0,0,1,401,2506,"C042",8.03,55,2506,"Reconstruction - Bridge Deck Replacement",9,0,0,1,1,0,1,1,1
41,1,42,"C042","Hardin","Hardin",0,1,0,1,0,0,1,176,1014,"C042",10.71,3,1014,"PCC Pavement - Grade and Replace",8,0,0,0,0,0,0,1,1
41,1,42,"C042","Hardin","Hardin",0,1,0,1,0,0,1,373,2052,"C042",23.69,51,2052,"Bridge and Approaches-CCS",9,0,0,1,1,0,0,1,1
41,1,42,"C042","Hardin","Hardin",0,1,0,1,0,0,1,94,1525,"C042",8.72,22,1525,"HMA Resurfacing/Cold-in-Place Recycling",6,0,0,0,1,0,1,1,0
41,1,42,"C042","Hardin","Hardin",0,1,0,1,0,0,1,279,2022,"C042",7.58,45,2022,"Bridge Replacement-CCS",9,0,0,1,0,1,1,0,1
41,1,42,"C042","Hardin","Hardin",0,1,0,1,0,0,1,74,1524,"C042",4.01,21,1524,"HMA Resurfacing with Milling",6,0,0,0,1,0,1,0,1
42,4,43,"C043","Harrison","Harrison",0,1,0,1,0,1,0,95,1525,"C043",1.99,22,1525,"HMA Resurfacing/Cold-in-Place Recycling",6,0,0,0,1,0,1,1,0
42,4,43,"C043","Harrison","Harrison",0,1,0,1,0,1,0,359,2024,"C043",3.87,47,2024,"Bridge Replacement-Steel Girder",9,0,0,1,0,1,1,1,1
42,4,43,"C043","Harrison","Harrison",0,1,0,1,0,1,0,332,2023,"C043",4.00,46,2023,"Bridge Replacement-PPCB",9,0,0,1,0,1,1,1,0
42,4,43,"C043","Harrison","Harrison",0,1,0,1,0,1,0,365,2027,"C043",3.72,48,2027,"Bridge Replacement - Other",9,0,0,1,1,0,0,0,0
43,5,44,"C044","Henry","Henry",0,1,0,1,0,1,1,115,4021,"C044",3.60,110,4021,"HMA Paved Shoulder - New",6,0,1,1,0,1,1,1,0
43,5,44,"C044","Henry","Henry",0,1,0,1,0,1,1,333,2023,"C044",20.39,46,2023,"Bridge Replacement-PPCB",9,0,0,1,0,1,1,1,0
43,5,44,"C044","Henry","Henry",0,1,0,1,0,1,1,280,2022,"C044",3.46,45,2022,"Bridge Replacement-CCS",9,0,0,1,0,1,1,0,1
43,5,44,"C044","Henry","Henry",0,1,0,1,0,1,1,177,1014,"C044",3.46,3,1014,"PCC Pavement - Grade and Replace",8,0,0,0,0,0,0,1,1
43,5,44,"C044","Henry","Henry",0,1,0,1,0,1,1,155,1013,"C044",1.90,2,1013,"PCC Pavement - Grade and New",8,0,0,0,0,0,0,1,0
44,2,45,"C045","Howard","Howard",0,1,0,1,1,0,0,241,2013,"C045",8.01,42,2013,"Bridge New-PPCB",9,0,0,1,0,1,0,1,0
44,2,45,"C045","Howard","Howard",0,1,0,1,1,0,0,52,1523,"C045",2.86,20,1523,"HMA Resurfacing",6,0,0,0,1,0,1,0,0
45,2,46,"C046","Humboldt","Humboldt",0,1,0,1,1,0,1,374,2052,"C046",9.40,51,2052,"Bridge and Approaches-CCS",9,0,0,1,1,0,0,1,1
45,2,46,"C046","Humboldt","Humboldt",0,1,0,1,1,0,1,281,2022,"C046",4.15,45,2022,"Bridge Replacement-CCS",9,0,0,1,0,1,1,0,1
46,3,47,"C047","Ida","Ida",0,1,0,1,1,1,0,375,2052,"C047",8.79,51,2052,"Bridge and Approaches-CCS",9,0,0,1,1,0,0,1,1
46,3,47,"C047","Ida","Ida",0,1,0,1,1,1,0,106,1527,"C047",12.49,24,1527,"PCC Pavement Widening with HMA Resurfacing",6,0,0,0,1,1,0,0,0
47,6,48,"C048","Iowa","Iowa",0,1,0,1,1,1,1,282,2022,"C048",5.02,45,2022,"Bridge Replacement-CCS",9,0,0,1,0,1,1,0,1
47,6,48,"C048","Iowa","Iowa",0,1,0,1,1,1,1,96,1525,"C048",5.72,22,1525,"HMA Resurfacing/Cold-in-Place Recycling",6,0,0,0,1,0,1,1,0
48,6,49,"C049","Jackson","Jackson",0,1,1,0,0,0,0,75,1524,"C049",6.13,21,1524,"HMA Resurfacing with Milling",6,0,0,0,1,0,1,0,1
48,6,49,"C049","Jackson","Jackson",0,1,1,0,0,0,0,283,2022,"C049",6.95,45,2022,"Bridge Replacement-CCS",9,0,0,1,0,1,1,0,1
48,6,49,"C049","Jackson","Jackson",0,1,1,0,0,0,0,230,8023,"C049",2.50,182,8023,"PCC Sidewalk/Trail",8,1,0,1,1,0,1,1,0
48,6,49,"C049","Jackson","Jackson",0,1,1,0,0,0,0,334,2023,"C049",6.15,46,2023,"Bridge Replacement-PPCB",9,0,0,1,0,1,1,1,0
48,6,49,"C049","Jackson","Jackson",0,1,1,0,0,0,0,424,3123,"C049",4.20,82,3123,"RCB Culvert Replacement - Triple Box",9,0,1,0,1,0,0,1,0
48,6,49,"C049","Jackson","Jackson",0,1,1,0,0,0,0,53,1523,"C049",10.23,20,1523,"HMA Resurfacing",6,0,0,0,1,0,1,0,0
49,1,50,"C050","Jasper","Jasper",0,1,1,0,0,0,1,212,1515,"C050",3.40,16,1515,"PCC Overlay - Unbonded",8,0,0,0,1,0,0,0,0
49,1,50,"C050","Jasper","Jasper",0,1,1,0,0,0,1,178,1014,"C050",5.19,3,1014,"PCC Pavement - Grade and Replace",8,0,0,0,0,0,0,1,1
49,1,50,"C050","Jasper","Jasper",0,1,1,0,0,0,1,18,8024,"C050",2.89,183,8024,"Earth or Granular Surface Trail",5,1,0,1,1,0,1,1,1
49,1,50,"C050","Jasper","Jasper",0,1,1,0,0,0,1,335,2023,"C050",4.47,46,2023,"Bridge Replacement-PPCB",9,0,0,1,0,1,1,1,0
49,1,50,"C050","Jasper","Jasper",0,1,1,0,0,0,1,387,2053,"C050",9.45,52,2053,"Bridge and Approaches - PPCB",9,0,0,1,1,0,1,0,0
49,1,50,"C050","Jasper","Jasper",0,1,1,0,0,0,1,116,4021,"C050",4.33,110,4021,"HMA Paved Shoulder - New",6,0,1,1,0,1,1,1,0
49,1,50,"C050","Jasper","Jasper",0,1,1,0,0,0,1,284,2022,"C050",6.24,45,2022,"Bridge Replacement-CCS",9,0,0,1,0,1,1,0,1
50,5,51,"C051","Jefferson","Jefferson",0,1,1,0,0,1,0,54,1523,"C051",6.82,20,1523,"HMA Resurfacing",6,0,0,0,1,0,1,0,0
50,5,51,"C051","Jefferson","Jefferson",0,1,1,0,0,1,0,420,3122,"C051",37.10,81,3122,"RCB Culvert Replacement - Twin Box",9,0,1,0,1,0,0,0,1
50,5,51,"C051","Jefferson","Jefferson",0,1,1,0,0,1,0,336,2023,"C051",5.49,46,2023,"Bridge Replacement-PPCB",9,0,0,1,0,1,1,1,0
50,5,51,"C051","Jefferson","Jefferson",0,1,1,0,0,1,0,33,1522,"C051",41.91,19,1522,"HMA Pavement Widening/HMA Resurfacing",6,0,0,0,1,0,0,1,1
51,6,52,"C052","Johnson","Johnson",0,1,1,0,0,1,1,242,2013,"C052",4.52,42,2013,"Bridge New-PPCB",9,0,0,1,0,1,0,1,0
51,6,52,"C052","Johnson","Johnson",0,1,1,0,0,1,1,76,1524,"C052",2.37,21,1524,"HMA Resurfacing with Milling",6,0,0,0,1,0,1,0,1
51,6,52,"C052","Johnson","Johnson",0,1,1,0,0,1,1,366,2027,"C052",2.87,48,2027,"Bridge Replacement - Other",9,0,0,1,1,0,0,0,0
51,6,52,"C052","Johnson","Johnson",0,1,1,0,0,1,1,197,1511,"C052",14.30,12,1511,"PCC Pavement Widening",8,0,0,0,0,1,1,0,0
51,6,52,"C052","Johnson","Johnson",0,1,1,0,0,1,1,248,2014,"C052",5.74,43,2014,"Bridge New-Steel Girder",9,0,0,1,0,1,0,1,1
51,6,52,"C052","Johnson","Johnson",0,1,1,0,0,1,1,337,2023,"C052",3.32,46,2023,"Bridge Replacement-PPCB",9,0,0,1,0,1,1,1,0
51,6,52,"C052","Johnson","Johnson",0,1,1,0,0,1,1,231,8023,"C052",4.59,182,8023,"PCC Sidewalk/Trail",8,1,0,1,1,0,1,1,0
51,6,52,"C052","Johnson","Johnson",0,1,1,0,0,1,1,117,4021,"C052",7.98,110,4021,"HMA Paved Shoulder - New",6,0,1,1,0,1,1,1,0
51,6,52,"C052","Johnson","Johnson",0,1,1,0,0,1,1,179,1014,"C052",4.10,3,1014,"PCC Pavement - Grade and Replace",8,0,0,0,0,0,0,1,1
52,6,53,"C053","Jones","Jones",0,1,1,0,1,0,0,285,2022,"C053",5.62,45,2022,"Bridge Replacement-CCS",9,0,0,1,0,1,1,0,1
52,6,53,"C053","Jones","Jones",0,1,1,0,1,0,0,338,2023,"C053",4.64,46,2023,"Bridge Replacement-PPCB",9,0,0,1,0,1,1,1,0
52,6,53,"C053","Jones","Jones",0,1,1,0,1,0,0,425,3123,"C053",4.80,82,3123,"RCB Culvert Replacement - Triple Box",9,0,1,0,1,0,0,1,0
52,6,53,"C053","Jones","Jones",0,1,1,0,1,0,0,213,1515,"C053",2.98,16,1515,"PCC Overlay - Unbonded",8,0,0,0,1,0,0,0,0
52,6,53,"C053","Jones","Jones",0,1,1,0,1,0,0,180,1014,"C053",3.37,3,1014,"PCC Pavement - Grade and Replace",8,0,0,0,0,0,0,1,1
53,5,54,"C054","Keokuk","Keokuk",0,1,1,0,1,0,1,339,2023,"C054",7.30,46,2023,"Bridge Replacement-PPCB",9,0,0,1,0,1,1,1,0
53,5,54,"C054","Keokuk","Keokuk",0,1,1,0,1,0,1,376,2052,"C054",14.64,51,2052,"Bridge and Approaches-CCS",9,0,0,1,1,0,0,1,1
53,5,54,"C054","Keokuk","Keokuk",0,1,1,0,1,0,1,286,2022,"C054",29.87,45,2022,"Bridge Replacement-CCS",9,0,0,1,0,1,1,0,1
54,2,55,"C055","Kossuth","Kossuth",0,1,1,0,1,1,0,287,2022,"C055",6.51,45,2022,"Bridge Replacement-CCS",9,0,0,1,0,1,1,0,1
54,2,55,"C055","Kossuth","Kossuth",0,1,1,0,1,1,0,232,8023,"C055",4.13,182,8023,"PCC Sidewalk/Trail",8,1,0,1,1,0,1,1,0
54,2,55,"C055","Kossuth","Kossuth",0,1,1,0,1,1,0,181,1014,"C055",4.01,3,1014,"PCC Pavement - Grade and Replace",8,0,0,0,0,0,0,1,1
55,5,56,"C056","Lee","Lee",0,1,1,0,1,1,1,340,2023,"C056",9.87,46,2023,"Bridge Replacement-PPCB",9,0,0,1,0,1,1,1,0
55,5,56,"C056","Lee","Lee",0,1,1,0,1,1,1,137,1011,"C056",3.03,0,1011,"PCC Pavement - New",8,0,0,0,0,0,0,0,0
55,5,56,"C056","Lee","Lee",0,1,1,0,1,1,1,182,1014,"C056",3.72,3,1014,"PCC Pavement - Grade and Replace",8,0,0,0,0,0,0,1,1
55,5,56,"C056","Lee","Lee",0,1,1,0,1,1,1,204,1514,"C056",16.12,15,1514,"PCC Overlay - Bonded",8,0,0,0,0,1,1,1,1
56,6,57,"C057","Linn","Linn",0,1,1,1,0,0,0,183,1014,"C057",5.35,3,1014,"PCC Pavement - Grade and Replace",8,0,0,0,0,0,0,1,1
56,6,57,"C057","Linn","Linn",0,1,1,1,0,0,0,129,8022,"C057",3.28,181,8022,"HMA Sidewalk/Trail",6,1,0,1,1,0,1,0,1
56,6,57,"C057","Linn","Linn",0,1,1,1,0,0,0,145,1012,"C057",3.60,1,1012,"PCC Pavement - Replace",8,0,0,0,0,0,0,0,1
56,6,57,"C057","Linn","Linn",0,1,1,1,0,0,0,55,1523,"C057",4.67,20,1523,"HMA Resurfacing",6,0,0,0,1,0,1,0,0
56,6,57,"C057","Linn","Linn",0,1,1,1,0,0,0,437,5041,"C057",3.52,149,5041,"Traffic Signals",11,1,0,0,1,0,1,0,1
56,6,57,"C057","Linn","Linn",0,1,1,1,0,0,0,4,3511,"C057",2.39,88,3511,"Grading",5,0,1,0,1,1,0,0,0
56,6,57,"C057","Linn","Linn",0,1,1,1,0,0,0,243,2013,"C057",7.38,42,2013,"Bridge New-PPCB",9,0,0,1,0,1,0,1,0
56,6,57,"C057","Linn","Linn",0,1,1,1,0,0,0,15,3571,"C057",15.46,102,3571,"Revetment",5,0,1,1,0,0,1,1,0
56,6,57,"C057","Linn","Linn",0,1,1,1,0,0,0,214,1515,"C057",1.51,16,1515,"PCC Overlay - Unbonded",8,0,0,0,1,0,0,0,0
56,6,57,"C057","Linn","Linn",0,1,1,1,0,0,0,233,8023,"C057",12.95,182,8023,"PCC Sidewalk/Trail",8,1,0,1,1,0,1,1,0
56,6,57,"C057","Linn","Linn",0,1,1,1,0,0,0,19,1021,"C057",5.83,4,1021,"HMA Pavement - New",6,0,0,0,0,0,1,0,0
56,6,57,"C057","Linn","Linn",0,1,1,1,0,0,0,410,3111,"C057",2.50,77,3111,"RCB Culvert New - Single Box",9,0,1,0,0,1,1,0,1
56,6,57,"C057","Linn","Linn",0,1,1,1,0,0,0,249,2014,"C057",4.14,43,2014,"Bridge New-Steel Girder",9,0,0,1,0,1,0,1,1
56,6,57,"C057","Linn","Linn",0,1,1,1,0,0,0,252,2017,"C057",6.00,44,2017,"Bridge New - Other",9,0,0,1,0,1,1,0,0
56,6,57,"C057","Linn","Linn",0,1,1,1,0,0,0,288,2022,"C057",6.22,45,2022,"Bridge Replacement-CCS",9,0,0,1,0,1,1,0,1
57,5,58,"C058","Louisa","Louisa",0,1,1,1,0,0,1,244,2013,"C058",10.57,42,2013,"Bridge New-PPCB",9,0,0,1,0,1,0,1,0
57,5,58,"C058","Louisa","Louisa",0,1,1,1,0,0,1,5,3511,"C058",2.56,88,3511,"Grading",5,0,1,0,1,1,0,0,0
57,5,58,"C058","Louisa","Louisa",0,1,1,1,0,0,1,156,1013,"C058",3.08,2,1013,"PCC Pavement - Grade and New",8,0,0,0,0,0,0,1,0
58,5,59,"C059","Lucas","Lucas",0,1,1,1,0,1,0,289,2022,"C059",7.16,45,2022,"Bridge Replacement-CCS",9,0,0,1,0,1,1,0,1
58,5,59,"C059","Lucas","Lucas",0,1,1,1,0,1,0,388,2053,"C059",13.91,52,2053,"Bridge and Approaches - PPCB",9,0,0,1,1,0,1,0,0
58,5,59,"C059","Lucas","Lucas",0,1,1,1,0,1,0,118,4021,"C059",3.17,110,4021,"HMA Paved Shoulder - New",6,0,1,1,0,1,1,1,0
58,5,59,"C059","Lucas","Lucas",0,1,1,1,0,1,0,97,1525,"C059",2.74,22,1525,"HMA Resurfacing/Cold-in-Place Recycling",6,0,0,0,1,0,1,1,0
58,5,59,"C059","Lucas","Lucas",0,1,1,1,0,1,0,56,1523,"C059",7.24,20,1523,"HMA Resurfacing",6,0,0,0,1,0,1,0,0
59,3,60,"C060","Lyon","Lyon",0,1,1,1,0,1,1,389,2053,"C060",4.94,52,2053,"Bridge and Approaches - PPCB",9,0,0,1,1,0,1,0,0
59,3,60,"C060","Lyon","Lyon",0,1,1,1,0,1,1,215,1515,"C060",16.76,16,1515,"PCC Overlay - Unbonded",8,0,0,0,1,0,0,0,0
59,3,60,"C060","Lyon","Lyon",0,1,1,1,0,1,1,377,2052,"C060",5.70,51,2052,"Bridge and Approaches-CCS",9,0,0,1,1,0,0,1,1
60,4,61,"C061","Madison","Madison",0,1,1,1,1,0,0,290,2022,"C061",4.43,45,2022,"Bridge Replacement-CCS",9,0,0,1,0,1,1,0,1
60,4,61,"C061","Madison","Madison",0,1,1,1,1,0,0,119,4021,"C061",7.24,110,4021,"HMA Paved Shoulder - New",6,0,1,1,0,1,1,1,0
61,5,62,"C062","Mahaska","Mahaska",0,1,1,1,1,0,1,291,2022,"C062",32.74,45,2022,"Bridge Replacement-CCS",9,0,0,1,0,1,1,0,1
61,5,62,"C062","Mahaska","Mahaska",0,1,1,1,1,0,1,411,3111,"C062",1.33,77,3111,"RCB Culvert New - Single Box",9,0,1,0,0,1,1,0,1
61,5,62,"C062","Mahaska","Mahaska",0,1,1,1,1,0,1,77,1524,"C062",8.04,21,1524,"HMA Resurfacing with Milling",6,0,0,0,1,0,1,0,1
62,5,63,"C063","Marion","Marion",0,1,1,1,1,1,0,184,1014,"C063",3.00,3,1014,"PCC Pavement - Grade and Replace",8,0,0,0,0,0,0,1,1
62,5,63,"C063","Marion","Marion",0,1,1,1,1,1,0,57,1523,"C063",1.16,20,1523,"HMA Resurfacing",6,0,0,0,1,0,1,0,0
62,5,63,"C063","Marion","Marion",0,1,1,1,1,1,0,34,1522,"C063",4.72,19,1522,"HMA Pavement Widening/HMA Resurfacing",6,0,0,0,1,0,0,1,1
62,5,63,"C063","Marion","Marion",0,1,1,1,1,1,0,428,1531,"C063",2.01,26,1531,"PCC Patching",10,0,0,0,1,1,0,1,0
62,5,63,"C063","Marion","Marion",0,1,1,1,1,1,0,341,2023,"C063",5.49,46,2023,"Bridge Replacement-PPCB",9,0,0,1,0,1,1,1,0
62,5,63,"C063","Marion","Marion",0,1,1,1,1,1,0,421,3122,"C063",1.24,81,3122,"RCB Culvert Replacement - Twin Box",9,0,1,0,1,0,0,0,1
63,1,64,"C064","Marshall","Marshall",0,1,1,1,1,1,1,78,1524,"C064",6.39,21,1524,"HMA Resurfacing with Milling",6,0,0,0,1,0,1,0,1
63,1,64,"C064","Marshall","Marshall",0,1,1,1,1,1,1,234,8023,"C064",2.00,182,8023,"PCC Sidewalk/Trail",8,1,0,1,1,0,1,1,0
63,1,64,"C064","Marshall","Marshall",0,1,1,1,1,1,1,292,2022,"C064",11.26,45,2022,"Bridge Replacement-CCS",9,0,0,1,0,1,1,0,1
63,1,64,"C064","Marshall","Marshall",0,1,1,1,1,1,1,98,1525,"C064",3.35,22,1525,"HMA Resurfacing/Cold-in-Place Recycling",6,0,0,0,1,0,1,1,0
64,4,65,"C065","Mills","Mills",1,0,0,0,0,0,0,342,2023,"C065",7.10,46,2023,"Bridge Replacement-PPCB",9,0,0,1,0,1,1,1,0
64,4,65,"C065","Mills","Mills",1,0,0,0,0,0,0,432,5011,"C065",5.79,142,5011,"Guardrail",11,1,0,0,0,1,1,1,0
64,4,65,"C065","Mills","Mills",1,0,0,0,0,0,0,185,1014,"C065",12.11,3,1014,"PCC Pavement - Grade and Replace",8,0,0,0,0,0,0,1,1
65,2,66,"C066","Mitchell","Mitchell",1,0,0,0,0,0,1,216,1515,"C066",1.70,16,1515,"PCC Overlay - Unbonded",8,0,0,0,1,0,0,0,0
66,3,67,"C067","Monona","Monona",1,0,0,0,0,1,0,343,2023,"C067",4.93,46,2023,"Bridge Replacement-PPCB",9,0,0,1,0,1,1,1,0
66,3,67,"C067","Monona","Monona",1,0,0,0,0,1,0,157,1013,"C067",3.23,2,1013,"PCC Pavement - Grade and New",8,0,0,0,0,0,0,1,0
66,3,67,"C067","Monona","Monona",1,0,0,0,0,1,0,293,2022,"C067",7.28,45,2022,"Bridge Replacement-CCS",9,0,0,1,0,1,1,0,1
67,5,68,"C068","Monroe","Monroe",1,0,0,0,0,1,1,378,2052,"C068",44.53,51,2052,"Bridge and Approaches-CCS",9,0,0,1,1,0,0,1,1
67,5,68,"C068","Monroe","Monroe",1,0,0,0,0,1,1,430,1554,"C068",4.22,37,1554,"Microsurfacing",10,0,0,1,0,0,1,0,1
67,5,68,"C068","Monroe","Monroe",1,0,0,0,0,1,1,294,2022,"C068",23.95,45,2022,"Bridge Replacement-CCS",9,0,0,1,0,1,1,0,1
67,5,68,"C068","Monroe","Monroe",1,0,0,0,0,1,1,402,2506,"C068",8.93,55,2506,"Reconstruction - Bridge Deck Replacement",9,0,0,1,1,0,1,1,1
68,4,69,"C069","Montgomery","Montgomery",1,0,0,0,1,0,0,79,1524,"C069",3.11,21,1524,"HMA Resurfacing with Milling",6,0,0,0,1,0,1,0,1
68,4,69,"C069","Montgomery","Montgomery",1,0,0,0,1,0,0,35,1522,"C069",2.85,19,1522,"HMA Pavement Widening/HMA Resurfacing",6,0,0,0,1,0,0,1,1
68,4,69,"C069","Montgomery","Montgomery",1,0,0,0,1,0,0,99,1525,"C069",3.05,22,1525,"HMA Resurfacing/Cold-in-Place Recycling",6,0,0,0,1,0,1,1,0
68,4,69,"C069","Montgomery","Montgomery",1,0,0,0,1,0,0,146,1012,"C069",3.03,1,1012,"PCC Pavement - Replace",8,0,0,0,0,0,0,0,1
68,4,69,"C069","Montgomery","Montgomery",1,0,0,0,1,0,0,344,2023,"C069",8.60,46,2023,"Bridge Replacement-PPCB",9,0,0,1,0,1,1,1,0
69,5,70,"C070","Muscatine","Muscatine",1,0,0,0,1,0,1,16,3571,"C070",1.58,102,3571,"Revetment",5,0,1,1,0,0,1,1,0
69,5,70,"C070","Muscatine","Muscatine",1,0,0,0,1,0,1,186,1014,"C070",2.98,3,1014,"PCC Pavement - Grade and Replace",8,0,0,0,0,0,0,1,1
69,5,70,"C070","Muscatine","Muscatine",1,0,0,0,1,0,1,345,2023,"C070",8.89,46,2023,"Bridge Replacement-PPCB",9,0,0,1,0,1,1,1,0
69,5,70,"C070","Muscatine","Muscatine",1,0,0,0,1,0,1,221,4011,"C070",9.88,108,4011,"PCC Paved Shoulder - New",8,0,1,1,0,1,1,0,0
69,5,70,"C070","Muscatine","Muscatine",1,0,0,0,1,0,1,130,8022,"C070",37.30,181,8022,"HMA Sidewalk/Trail",6,1,0,1,1,0,1,0,1
69,5,70,"C070","Muscatine","Muscatine",1,0,0,0,1,0,1,379,2052,"C070",5.69,51,2052,"Bridge and Approaches-CCS",9,0,0,1,1,0,0,1,1
70,3,71,"C071","O'Brien","O'Brien",1,0,0,0,1,1,0,295,2022,"C071",4.46,45,2022,"Bridge Replacement-CCS",9,0,0,1,0,1,1,0,1
70,3,71,"C071","O'Brien","O'Brien",1,0,0,0,1,1,0,58,1523,"C071",2.43,20,1523,"HMA Resurfacing",6,0,0,0,1,0,1,0,0
70,3,71,"C071","O'Brien","O'Brien",1,0,0,0,1,1,0,147,1012,"C071",6.55,1,1012,"PCC Pavement - Replace",8,0,0,0,0,0,0,0,1
72,4,73,"C073","Page","Page",1,0,0,1,0,0,0,187,1014,"C073",6.39,3,1014,"PCC Pavement - Grade and Replace",8,0,0,0,0,0,0,1,1
72,4,73,"C073","Page","Page",1,0,0,1,0,0,0,59,1523,"C073",2.22,20,1523,"HMA Resurfacing",6,0,0,0,1,0,1,0,0
72,4,73,"C073","Page","Page",1,0,0,1,0,0,0,390,2053,"C073",4.80,52,2053,"Bridge and Approaches - PPCB",9,0,0,1,1,0,1,0,0
72,4,73,"C073","Page","Page",1,0,0,1,0,0,0,36,1522,"C073",3.00,19,1522,"HMA Pavement Widening/HMA Resurfacing",6,0,0,0,1,0,0,1,1
73,3,74,"C074","Palo Alto","Palo Alto",1,0,0,1,0,0,1,296,2022,"C074",4.24,45,2022,"Bridge Replacement-CCS",9,0,0,1,0,1,1,0,1
74,3,75,"C075","Plymouth","Plymouth",1,0,0,1,0,1,0,205,1514,"C075",1.65,15,1514,"PCC Overlay - Bonded",8,0,0,0,0,1,1,1,1
74,3,75,"C075","Plymouth","Plymouth",1,0,0,1,0,1,0,297,2022,"C075",6.62,45,2022,"Bridge Replacement-CCS",9,0,0,1,0,1,1,0,1
75,3,76,"C076","Pocahontas","Pocahontas",1,0,0,1,0,1,1,298,2022,"C076",12.53,45,2022,"Bridge Replacement-CCS",9,0,0,1,0,1,1,0,1
75,3,76,"C076","Pocahontas","Pocahontas",1,0,0,1,0,1,1,80,1524,"C076",10.40,21,1524,"HMA Resurfacing with Milling",6,0,0,0,1,0,1,0,1
75,3,76,"C076","Pocahontas","Pocahontas",1,0,0,1,0,1,1,217,1515,"C076",1.99,16,1515,"PCC Overlay - Unbonded",8,0,0,0,1,0,0,0,0
76,1,77,"C077","Polk","Polk",1,0,0,1,1,0,0,397,2054,"C077",5.61,53,2054,"Bridge and Approaches – Steel Girder",9,0,0,1,1,0,1,0,1
76,1,77,"C077","Polk","Polk",1,0,0,1,1,0,0,412,3111,"C077",4.18,77,3111,"RCB Culvert New - Single Box",9,0,1,0,0,1,1,0,1
76,1,77,"C077","Polk","Polk",1,0,0,1,1,0,0,120,4021,"C077",0.35,110,4021,"HMA Paved Shoulder - New",6,0,1,1,0,1,1,1,0
76,1,77,"C077","Polk","Polk",1,0,0,1,1,0,0,6,3511,"C077",1.53,88,3511,"Grading",5,0,1,0,1,1,0,0,0
76,1,77,"C077","Polk","Polk",1,0,0,1,1,0,0,360,2024,"C077",5.01,47,2024,"Bridge Replacement-Steel Girder",9,0,0,1,0,1,1,1,1
76,1,77,"C077","Polk","Polk",1,0,0,1,1,0,0,60,1523,"C077",3.35,20,1523,"HMA Resurfacing",6,0,0,0,1,0,1,0,0
76,1,77,"C077","Polk","Polk",1,0,0,1,1,0,0,81,1524,"C077",2.06,21,1524,"HMA Resurfacing with Milling",6,0,0,0,1,0,1,0,1
76,1,77,"C077","Polk","Polk",1,0,0,1,1,0,0,253,2017,"C077",3.45,44,2017,"Bridge New - Other",9,0,0,1,0,1,1,0,0
76,1,77,"C077","Polk","Polk",1,0,0,1,1,0,0,133,8031,"C077",8.58,185,8031,"Miscellaneous",7,1,0,1,1,1,0,0,1
76,1,77,"C077","Polk","Polk",1,0,0,1,1,0,0,158,1013,"C077",7.15,2,1013,"PCC Pavement - Grade and New",8,0,0,0,0,0,0,1,0
76,1,77,"C077","Polk","Polk",1,0,0,1,1,0,0,21,1023,"C077",3.58,6,1023,"HMA Pavement - Grade and New",6,0,0,0,0,0,1,1,0
76,1,77,"C077","Polk","Polk",1,0,0,1,1,0,0,346,2023,"C077",5.08,46,2023,"Bridge Replacement-PPCB",9,0,0,1,0,1,1,1,0
76,1,77,"C077","Polk","Polk",1,0,0,1,1,0,0,198,1511,"C077",4.24,12,1511,"PCC Pavement Widening",8,0,0,0,0,1,1,0,0
76,1,77,"C077","Polk","Polk",1,0,0,1,1,0,0,201,1513,"C077",3.79,14,1513,"PCC Pavement Widening with PCC Resurfacing",8,0,0,0,0,1,1,1,0
76,1,77,"C077","Polk","Polk",1,0,0,1,1,0,0,222,4011,"C077",3.13,108,4011,"PCC Paved Shoulder - New",8,0,1,1,0,1,1,0,0
76,1,77,"C077","Polk","Polk",1,0,0,1,1,0,0,235,8023,"C077",7.14,182,8023,"PCC Sidewalk/Trail",8,1,0,1,1,0,1,1,0
76,1,77,"C077","Polk","Polk",1,0,0,1,1,0,0,37,1522,"C077",15.89,19,1522,"HMA Pavement Widening/HMA Resurfacing",6,0,0,0,1,0,0,1,1
76,1,77,"C077","Polk","Polk",1,0,0,1,1,0,0,188,1014,"C077",4.60,3,1014,"PCC Pavement - Grade and Replace",8,0,0,0,0,0,0,1,1
76,1,77,"C077","Polk","Polk",1,0,0,1,1,0,0,245,2013,"C077",8.16,42,2013,"Bridge New-PPCB",9,0,0,1,0,1,0,1,0
76,1,77,"C077","Polk","Polk",1,0,0,1,1,0,0,131,8022,"C077",3.99,181,8022,"HMA Sidewalk/Trail",6,1,0,1,1,0,1,0,1
77,4,78,"C078","Pottawattamie","Pottawattamie",1,0,0,1,1,0,1,236,8023,"C078",2.33,182,8023,"PCC Sidewalk/Trail",8,1,0,1,1,0,1,1,0
77,4,78,"C078","Pottawattamie","Pottawattamie",1,0,0,1,1,0,1,82,1524,"C078",7.23,21,1524,"HMA Resurfacing with Milling",6,0,0,0,1,0,1,0,1
77,4,78,"C078","Pottawattamie","Pottawattamie",1,0,0,1,1,0,1,398,2054,"C078",3.45,53,2054,"Bridge and Approaches – Steel Girder",9,0,0,1,1,0,1,0,1
77,4,78,"C078","Pottawattamie","Pottawattamie",1,0,0,1,1,0,1,159,1013,"C078",3.19,2,1013,"PCC Pavement - Grade and New",8,0,0,0,0,0,0,1,0
77,4,78,"C078","Pottawattamie","Pottawattamie",1,0,0,1,1,0,1,7,3511,"C078",3.37,88,3511,"Grading",5,0,1,0,1,1,0,0,0
77,4,78,"C078","Pottawattamie","Pottawattamie",1,0,0,1,1,0,1,148,1012,"C078",5.52,1,1012,"PCC Pavement - Replace",8,0,0,0,0,0,0,0,1
77,4,78,"C078","Pottawattamie","Pottawattamie",1,0,0,1,1,0,1,367,2027,"C078",3.72,48,2027,"Bridge Replacement - Other",9,0,0,1,1,0,0,0,0
77,4,78,"C078","Pottawattamie","Pottawattamie",1,0,0,1,1,0,1,391,2053,"C078",8.48,52,2053,"Bridge and Approaches - PPCB",9,0,0,1,1,0,1,0,0
77,4,78,"C078","Pottawattamie","Pottawattamie",1,0,0,1,1,0,1,250,2014,"C078",4.96,43,2014,"Bridge New-Steel Girder",9,0,0,1,0,1,0,1,1
77,4,78,"C078","Pottawattamie","Pottawattamie",1,0,0,1,1,0,1,380,2052,"C078",4.07,51,2052,"Bridge and Approaches-CCS",9,0,0,1,1,0,0,1,1
77,4,78,"C078","Pottawattamie","Pottawattamie",1,0,0,1,1,0,1,20,1021,"C078",2.16,4,1021,"HMA Pavement - New",6,0,0,0,0,0,1,0,0
77,4,78,"C078","Pottawattamie","Pottawattamie",1,0,0,1,1,0,1,433,5011,"C078",2.45,142,5011,"Guardrail",11,1,0,0,0,1,1,1,0
77,4,78,"C078","Pottawattamie","Pottawattamie",1,0,0,1,1,0,1,189,1014,"C078",3.23,3,1014,"PCC Pavement - Grade and Replace",8,0,0,0,0,0,0,1,1
77,4,78,"C078","Pottawattamie","Pottawattamie",1,0,0,1,1,0,1,100,1525,"C078",10.38,22,1525,"HMA Resurfacing/Cold-in-Place Recycling",6,0,0,0,1,0,1,1,0
77,4,78,"C078","Pottawattamie","Pottawattamie",1,0,0,1,1,0,1,361,2024,"C078",2.61,47,2024,"Bridge Replacement-Steel Girder",9,0,0,1,0,1,1,1,1
78,1,79,"C079","Poweshiek","Poweshiek",1,0,0,1,1,1,0,417,3121,"C079",0.98,80,3121,"RCB Culvert Replacement - Single Box",9,0,1,0,1,0,0,0,0
78,1,79,"C079","Poweshiek","Poweshiek",1,0,0,1,1,1,0,299,2022,"C079",6.46,45,2022,"Bridge Replacement-CCS",9,0,0,1,0,1,1,0,1
78,1,79,"C079","Poweshiek","Poweshiek",1,0,0,1,1,1,0,101,1525,"C079",4.80,22,1525,"HMA Resurfacing/Cold-in-Place Recycling",6,0,0,0,1,0,1,1,0
78,1,79,"C079","Poweshiek","Poweshiek",1,0,0,1,1,1,0,121,4021,"C079",10.27,110,4021,"HMA Paved Shoulder - New",6,0,1,1,0,1,1,1,0
79,4,80,"C080","Ringgold","Ringgold",1,0,0,1,1,1,1,418,3121,"C080",6.12,80,3121,"RCB Culvert Replacement - Single Box",9,0,1,0,1,0,0,0,0
80,3,81,"C081","Sac","Sac",1,0,1,0,0,0,0,300,2022,"C081",9.39,45,2022,"Bridge Replacement-CCS",9,0,0,1,0,1,1,0,1
80,3,81,"C081","Sac","Sac",1,0,1,0,0,0,0,122,4021,"C081",3.00,110,4021,"HMA Paved Shoulder - New",6,0,1,1,0,1,1,1,0
80,3,81,"C081","Sac","Sac",1,0,1,0,0,0,0,405,2507,"C081",8.00,56,2507,"Reconstruction - Bridge Widening",9,0,0,1,1,1,0,0,0
81,6,82,"C082","Scott","Scott",1,0,1,0,0,0,1,61,1523,"C082",3.77,20,1523,"HMA Resurfacing",6,0,0,0,1,0,1,0,0
81,6,82,"C082","Scott","Scott",1,0,1,0,0,0,1,246,2013,"C082",3.90,42,2013,"Bridge New-PPCB",9,0,0,1,0,1,0,1,0
81,6,82,"C082","Scott","Scott",1,0,1,0,0,0,1,190,1014,"C082",4.43,3,1014,"PCC Pavement - Grade and Replace",8,0,0,0,0,0,0,1,1
81,6,82,"C082","Scott","Scott",1,0,1,0,0,0,1,199,1511,"C082",3.02,12,1511,"PCC Pavement Widening",8,0,0,0,0,1,1,0,0
81,6,82,"C082","Scott","Scott",1,0,1,0,0,0,1,362,2024,"C082",5.27,47,2024,"Bridge Replacement-Steel Girder",9,0,0,1,0,1,1,1,1
81,6,82,"C082","Scott","Scott",1,0,1,0,0,0,1,22,1023,"C082",3.43,6,1023,"HMA Pavement - Grade and New",6,0,0,0,0,0,1,1,0
81,6,82,"C082","Scott","Scott",1,0,1,0,0,0,1,301,2022,"C082",7.70,45,2022,"Bridge Replacement-CCS",9,0,0,1,0,1,1,0,1
81,6,82,"C082","Scott","Scott",1,0,1,0,0,0,1,347,2023,"C082",5.47,46,2023,"Bridge Replacement-PPCB",9,0,0,1,0,1,1,1,0
81,6,82,"C082","Scott","Scott",1,0,1,0,0,0,1,403,2506,"C082",4.98,55,2506,"Reconstruction - Bridge Deck Replacement",9,0,0,1,1,0,1,1,1
82,4,83,"C083","Shelby","Shelby",1,0,1,0,0,1,0,348,2023,"C083",5.18,46,2023,"Bridge Replacement-PPCB",9,0,0,1,0,1,1,1,0
82,4,83,"C083","Shelby","Shelby",1,0,1,0,0,1,0,302,2022,"C083",6.36,45,2022,"Bridge Replacement-CCS",9,0,0,1,0,1,1,0,1
83,3,84,"C084","Sioux","Sioux",1,0,1,0,0,1,1,102,1525,"C084",1.01,22,1525,"HMA Resurfacing/Cold-in-Place Recycling",6,0,0,0,1,0,1,1,0
83,3,84,"C084","Sioux","Sioux",1,0,1,0,0,1,1,303,2022,"C084",9.06,45,2022,"Bridge Replacement-CCS",9,0,0,1,0,1,1,0,1
83,3,84,"C084","Sioux","Sioux",1,0,1,0,0,1,1,392,2053,"C084",5.00,52,2053,"Bridge and Approaches - PPCB",9,0,0,1,1,0,1,0,0
84,1,85,"C085","Story","Story",1,0,1,0,1,0,0,304,2022,"C085",5.81,45,2022,"Bridge Replacement-CCS",9,0,0,1,0,1,1,0,1
84,1,85,"C085","Story","Story",1,0,1,0,1,0,0,237,8023,"C085",9.14,182,8023,"PCC Sidewalk/Trail",8,1,0,1,1,0,1,1,0
84,1,85,"C085","Story","Story",1,0,1,0,1,0,0,8,3511,"C085",1.82,88,3511,"Grading",5,0,1,0,1,1,0,0,0
84,1,85,"C085","Story","Story",1,0,1,0,1,0,0,434,5011,"C085",2.07,142,5011,"Guardrail",11,1,0,0,0,1,1,1,0
84,1,85,"C085","Story","Story",1,0,1,0,1,0,0,251,2014,"C085",0.59,43,2014,"Bridge New-Steel Girder",9,0,0,1,0,1,0,1,1
84,1,85,"C085","Story","Story",1,0,1,0,1,0,0,349,2023,"C085",5.47,46,2023,"Bridge Replacement-PPCB",9,0,0,1,0,1,1,1,0
84,1,85,"C085","Story","Story",1,0,1,0,1,0,0,191,1014,"C085",7.27,3,1014,"PCC Pavement - Grade and Replace",8,0,0,0,0,0,0,1,1
84,1,85,"C085","Story","Story",1,0,1,0,1,0,0,149,1012,"C085",9.96,1,1012,"PCC Pavement - Replace",8,0,0,0,0,0,0,0,1
84,1,85,"C085","Story","Story",1,0,1,0,1,0,0,160,1013,"C085",6.30,2,1013,"PCC Pavement - Grade and New",8,0,0,0,0,0,0,1,0
84,1,85,"C085","Story","Story",1,0,1,0,1,0,0,62,1523,"C085",4.52,20,1523,"HMA Resurfacing",6,0,0,0,1,0,1,0,0
85,1,86,"C086","Tama","Tama",1,0,1,0,1,0,1,393,2053,"C086",5.58,52,2053,"Bridge and Approaches - PPCB",9,0,0,1,1,0,1,0,0
85,1,86,"C086","Tama","Tama",1,0,1,0,1,0,1,192,1014,"C086",4.01,3,1014,"PCC Pavement - Grade and Replace",8,0,0,0,0,0,0,1,1
85,1,86,"C086","Tama","Tama",1,0,1,0,1,0,1,422,3122,"C086",0.69,81,3122,"RCB Culvert Replacement - Twin Box",9,0,1,0,1,0,0,0,1
85,1,86,"C086","Tama","Tama",1,0,1,0,1,0,1,218,1515,"C086",3.80,16,1515,"PCC Overlay - Unbonded",8,0,0,0,1,0,0,0,0
85,1,86,"C086","Tama","Tama",1,0,1,0,1,0,1,350,2023,"C086",4.37,46,2023,"Bridge Replacement-PPCB",9,0,0,1,0,1,1,1,0
85,1,86,"C086","Tama","Tama",1,0,1,0,1,0,1,305,2022,"C086",7.53,45,2022,"Bridge Replacement-CCS",9,0,0,1,0,1,1,0,1
86,4,87,"C087","Taylor","Taylor",1,0,1,0,1,1,0,351,2023,"C087",9.52,46,2023,"Bridge Replacement-PPCB",9,0,0,1,0,1,1,1,0
87,4,88,"C088","Union","Union",1,0,1,0,1,1,1,381,2052,"C088",3.41,51,2052,"Bridge and Approaches-CCS",9,0,0,1,1,0,0,1,1
87,4,88,"C088","Union","Union",1,0,1,0,1,1,1,306,2022,"C088",7.58,45,2022,"Bridge Replacement-CCS",9,0,0,1,0,1,1,0,1
88,5,89,"C089","Van Buren","Van Buren",1,0,1,1,0,0,0,103,1525,"C089",3.68,22,1525,"HMA Resurfacing/Cold-in-Place Recycling",6,0,0,0,1,0,1,1,0
88,5,89,"C089","Van Buren","Van Buren",1,0,1,1,0,0,0,307,2022,"C089",8.34,45,2022,"Bridge Replacement-CCS",9,0,0,1,0,1,1,0,1
89,5,90,"C090","Wapello","Wapello",1,0,1,1,0,0,1,138,1011,"C090",15.47,0,1011,"PCC Pavement - New",8,0,0,0,0,0,0,0,0
89,5,90,"C090","Wapello","Wapello",1,0,1,1,0,0,1,308,2022,"C090",6.85,45,2022,"Bridge Replacement-CCS",9,0,0,1,0,1,1,0,1
89,5,90,"C090","Wapello","Wapello",1,0,1,1,0,0,1,352,2023,"C090",5.12,46,2023,"Bridge Replacement-PPCB",9,0,0,1,0,1,1,1,0
89,5,90,"C090","Wapello","Wapello",1,0,1,1,0,0,1,394,2053,"C090",25.65,52,2053,"Bridge and Approaches - PPCB",9,0,0,1,1,0,1,0,0
90,5,91,"C091","Waren","Warren",1,0,1,1,0,1,0,9,3511,"C091",3.46,88,3511,"Grading",5,0,1,0,1,1,0,0,0
90,5,91,"C091","Waren","Warren",1,0,1,1,0,1,0,193,1014,"C091",4.60,3,1014,"PCC Pavement - Grade and Replace",8,0,0,0,0,0,0,1,1
90,5,91,"C091","Waren","Warren",1,0,1,1,0,1,0,395,2053,"C091",4.23,52,2053,"Bridge and Approaches - PPCB",9,0,0,1,1,0,1,0,0
90,5,91,"C091","Waren","Warren",1,0,1,1,0,1,0,63,1523,"C091",19.41,20,1523,"HMA Resurfacing",6,0,0,0,1,0,1,0,0
90,5,91,"C091","Waren","Warren",1,0,1,1,0,1,0,353,2023,"C091",6.42,46,2023,"Bridge Replacement-PPCB",9,0,0,1,0,1,1,1,0
90,5,91,"C091","Waren","Warren",1,0,1,1,0,1,0,309,2022,"C091",7.15,45,2022,"Bridge Replacement-CCS",9,0,0,1,0,1,1,0,1
91,5,92,"C092","Washington","Washington",1,0,1,1,0,1,1,354,2023,"C092",16.94,46,2023,"Bridge Replacement-PPCB",9,0,0,1,0,1,1,1,0
91,5,92,"C092","Washington","Washington",1,0,1,1,0,1,1,238,8023,"C092",2.45,182,8023,"PCC Sidewalk/Trail",8,1,0,1,1,0,1,1,0
91,5,92,"C092","Washington","Washington",1,0,1,1,0,1,1,64,1523,"C092",2.10,20,1523,"HMA Resurfacing",6,0,0,0,1,0,1,0,0
91,5,92,"C092","Washington","Washington",1,0,1,1,0,1,1,426,3123,"C092",26.98,82,3123,"RCB Culvert Replacement - Triple Box",9,0,1,0,1,0,0,1,0
91,5,92,"C092","Washington","Washington",1,0,1,1,0,1,1,396,2053,"C092",32.67,52,2053,"Bridge and Approaches - PPCB",9,0,0,1,1,0,1,0,0
91,5,92,"C092","Washington","Washington",1,0,1,1,0,1,1,404,2506,"C092",10.50,55,2506,"Reconstruction - Bridge Deck Replacement",9,0,0,1,1,0,1,1,1
92,5,93,"C093","Wayne","Wayne",1,0,1,1,1,0,0,219,1515,"C093",8.17,16,1515,"PCC Overlay - Unbonded",8,0,0,0,1,0,0,0,0
92,5,93,"C093","Wayne","Wayne",1,0,1,1,1,0,0,65,1523,"C093",9.07,20,1523,"HMA Resurfacing",6,0,0,0,1,0,1,0,0
92,5,93,"C093","Wayne","Wayne",1,0,1,1,1,0,0,310,2022,"C093",9.91,45,2022,"Bridge Replacement-CCS",9,0,0,1,0,1,1,0,1
92,5,93,"C093","Wayne","Wayne",1,0,1,1,1,0,0,123,4021,"C093",7.53,110,4021,"HMA Paved Shoulder - New",6,0,1,1,0,1,1,1,0
93,1,94,"C094","Webster","Webster",1,0,1,1,1,0,1,2,1051,"C094",7.05,9,1051,"Alternate Pavement Types-Mainline Paving",1,0,0,0,0,1,0,0,1
93,1,94,"C094","Webster","Webster",1,0,1,1,1,0,1,104,1525,"C094",4.44,22,1525,"HMA Resurfacing/Cold-in-Place Recycling",6,0,0,0,1,0,1,1,0
93,1,94,"C094","Webster","Webster",1,0,1,1,1,0,1,124,4021,"C094",9.38,110,4021,"HMA Paved Shoulder - New",6,0,1,1,0,1,1,1,0
93,1,94,"C094","Webster","Webster",1,0,1,1,1,0,1,150,1012,"C094",3.01,1,1012,"PCC Pavement - Replace",8,0,0,0,0,0,0,0,1
94,2,95,"C095","Winnebago","Winnebago",1,0,1,1,1,1,0,311,2022,"C095",4.10,45,2022,"Bridge Replacement-CCS",9,0,0,1,0,1,1,0,1
95,2,96,"C096","Winneshiek","Winneshiek",1,0,1,1,1,1,1,429,1541,"C096",2.53,33,1541,"Pavement Planing / Grooving",10,0,0,1,0,0,0,0,1
95,2,96,"C096","Winneshiek","Winneshiek",1,0,1,1,1,1,1,414,3112,"C096",1.53,78,3112,"RCB Culvert New – Twin Box",9,0,1,0,0,1,1,1,0
95,2,96,"C096","Winneshiek","Winneshiek",1,0,1,1,1,1,1,427,3143,"C096",2.76,86,3143,"Reconstruction- RCB Culvert Ext - Triple",9,0,1,0,1,0,1,1,0
95,2,96,"C096","Winneshiek","Winneshiek",1,0,1,1,1,1,1,66,1523,"C096",1.95,20,1523,"HMA Resurfacing",6,0,0,0,1,0,1,0,0
95,2,96,"C096","Winneshiek","Winneshiek",1,0,1,1,1,1,1,105,1525,"C096",2.13,22,1525,"HMA Resurfacing/Cold-in-Place Recycling",6,0,0,0,1,0,1,1,0
95,2,96,"C096","Winneshiek","Winneshiek",1,0,1,1,1,1,1,312,2022,"C096",5.42,45,2022,"Bridge Replacement-CCS",9,0,0,1,0,1,1,0,1
95,2,96,"C096","Winneshiek","Winneshiek",1,0,1,1,1,1,1,194,1014,"C096",3.58,3,1014,"PCC Pavement - Grade and Replace",8,0,0,0,0,0,0,1,1
95,2,96,"C096","Winneshiek","Winneshiek",1,0,1,1,1,1,1,355,2023,"C096",3.97,46,2023,"Bridge Replacement-PPCB",9,0,0,1,0,1,1,1,0
96,3,97,"C097","Woodbury","Woodbury",1,1,0,0,0,0,0,12,3552,"C097",2.79,99,3552,"Sanitary Sewer",5,0,1,1,0,0,0,1,1
96,3,97,"C097","Woodbury","Woodbury",1,1,0,0,0,0,0,139,1011,"C097",5.72,0,1011,"PCC Pavement - New",8,0,0,0,0,0,0,0,0
96,3,97,"C097","Woodbury","Woodbury",1,1,0,0,0,0,0,151,1012,"C097",3.46,1,1012,"PCC Pavement - Replace",8,0,0,0,0,0,0,0,1
96,3,97,"C097","Woodbury","Woodbury",1,1,0,0,0,0,0,161,1013,"C097",3.35,2,1013,"PCC Pavement - Grade and New",8,0,0,0,0,0,0,1,0
96,3,97,"C097","Woodbury","Woodbury",1,1,0,0,0,0,0,408,2513,"C097",8.84,59,2513,"Bridge Rehabilitation",9,0,0,1,1,1,0,1,1
96,3,97,"C097","Woodbury","Woodbury",1,1,0,0,0,0,0,195,1014,"C097",2.79,3,1014,"PCC Pavement - Grade and Replace",8,0,0,0,0,0,0,1,1
96,3,97,"C097","Woodbury","Woodbury",1,1,0,0,0,0,0,313,2022,"C097",4.67,45,2022,"Bridge Replacement-CCS",9,0,0,1,0,1,1,0,1
96,3,97,"C097","Woodbury","Woodbury",1,1,0,0,0,0,0,247,2013,"C097",3.73,42,2013,"Bridge New-PPCB",9,0,0,1,0,1,0,1,0
96,3,97,"C097","Woodbury","Woodbury",1,1,0,0,0,0,0,38,1522,"C097",2.01,19,1522,"HMA Pavement Widening/HMA Resurfacing",6,0,0,0,1,0,0,1,1
96,3,97,"C097","Woodbury","Woodbury",1,1,0,0,0,0,0,382,2052,"C097",4.45,51,2052,"Bridge and Approaches-CCS",9,0,0,1,1,0,0,1,1
96,3,97,"C097","Woodbury","Woodbury",1,1,0,0,0,0,0,363,2024,"C097",1.30,47,2024,"Bridge Replacement-Steel Girder",9,0,0,1,0,1,1,1,1
96,3,97,"C097","Woodbury","Woodbury",1,1,0,0,0,0,0,356,2023,"C097",5.16,46,2023,"Bridge Replacement-PPCB",9,0,0,1,0,1,1,1,0
96,3,97,"C097","Woodbury","Woodbury",1,1,0,0,0,0,0,10,3511,"C097",2.51,88,3511,"Grading",5,0,1,0,1,1,0,0,0
97,2,98,"C098","Worth","Worth",1,1,0,0,0,0,1,314,2022,"C098",10.50,45,2022,"Bridge Replacement-CCS",9,0,0,1,0,1,1,0,1
98,2,99,"C099","Wright","Wright",1,1,0,0,0,1,0,39,1522,"C099",6.02,19,1522,"HMA Pavement Widening/HMA Resurfacing",6,0,0,0,1,0,0,1,1
98,2,99,"C099","Wright","Wright",1,1,0,0,0,1,0,315,2022,"C099",10.97,45,2022,"Bridge Replacement-CCS",9,0,0,1,0,1,1,0,1
